,company,title,location,link
0,Meta,Executive Administrative Partner,United States,https://www.linkedin.com/jobs/view/executive-administrative-partner-at-meta-3824628310?refId=j0P7scRJGp6AwkjS4nRvDA%3D%3D&trackingId=eiwHfsxv3qQF%2F7T7KeEIZA%3D%3D&position=1&pageNum=0&trk=public_jobs_jserp-result_search-card
1,Chamber Cardio,General Interest (Future Roles @ Chamber),"Washington, DC",https://www.linkedin.com/jobs/view/general-interest-future-roles-%40-chamber-at-chamber-cardio-3824549178?refId=j0P7scRJGp6AwkjS4nRvDA%3D%3D&trackingId=1LR72JV5k%2BxlZfPSg0s8OQ%3D%3D&position=2&pageNum=0&trk=public_jobs_jserp-result_search-card
2,Thorne,CUSTOMER SERVICE REPRESENTATIVE- Mon-Fri 11:30am-8pm- Remote,"Summerville, SC",https://www.linkedin.com/jobs/view/customer-service-representative-mon-fri-11-30am-8pm-remote-at-thorne-3824201798?refId=j0P7scRJGp6AwkjS4nRvDA%3D%3D&trackingId=1dBRrTbU8ogxsySwUWYzlw%3D%3D&position=3&pageNum=0&trk=public_jobs_jserp-result_search-card
3,"ENZER & ASSOCIATES, PC",Data Entry Assistant / Entry level (Remote),"Mecca, Makkah, Saudi Arabia",https://sa.linkedin.com/jobs/view/data-entry-assistant-entry-level-remote-at-enzer-associates-pc-3823572084?refId=j0P7scRJGp6AwkjS4nRvDA%3D%3D&trackingId=DINNheC%2By8lQp%2BojiNWKkA%3D%3D&position=4&pageNum=0&trk=public_jobs_jserp-result_search-card
4,Hampton Inn & Suites Miami/Brickell-Downtown,Data Entry Assistant,United States,https://www.linkedin.com/jobs/view/data-entry-assistant-at-hampton-inn-suites-miami-brickell-downtown-3825110050?refId=j0P7scRJGp6AwkjS4nRvDA%3D%3D&trackingId=lFMBodEmJ7GjW6oekueUqA%3D%3D&position=5&pageNum=0&trk=public_jobs_jserp-result_search-card
5,"ENZER & ASSOCIATES, PC",Entry-level Virtual Data Entry Clerk (Remote),"Fujairah Emirate, United Arab Emirates",https://ae.linkedin.com/jobs/view/entry-level-virtual-data-entry-clerk-remote-at-enzer-associates-pc-3823572090?refId=j0P7scRJGp6AwkjS4nRvDA%3D%3D&trackingId=ixPNC5cuG5d8bjfv9tfKCw%3D%3D&position=6&pageNum=0&trk=public_jobs_jserp-result_search-card
6,Opinion Focus Panel LLC,Data Entry Typist - Work From Home,Canada,https://ca.linkedin.com/jobs/view/data-entry-typist-work-from-home-at-opinion-focus-panel-llc-3824233161?refId=j0P7scRJGp6AwkjS4nRvDA%3D%3D&trackingId=j78kz5wFrXS35NLPVG7qqA%3D%3D&position=7&pageNum=0&trk=public_jobs_jserp-result_search-card
7,Projedata,Assistente de Atendimento - Financeiro,Brazil,https://br.linkedin.com/jobs/view/assistente-de-atendimento-financeiro-at-projedata-3824508172?refId=j0P7scRJGp6AwkjS4nRvDA%3D%3D&trackingId=%2BOGP4bwkH4uxS%2BOEUIuulQ%3D%3D&position=8&pageNum=0&trk=public_jobs_jserp-result_search-card
8,Opinion Focus Panel LLC,Typing Job,United States,https://www.linkedin.com/jobs/view/typing-job-at-opinion-focus-panel-llc-3824232185?refId=j0P7scRJGp6AwkjS4nRvDA%3D%3D&trackingId=UY7PSzHl9DUXRGlkcrnXXA%3D%3D&position=9&pageNum=0&trk=public_jobs_jserp-result_search-card
9,Frankies Bikinis,Photo Editor,"Los Angeles, CA",https://www.linkedin.com/jobs/view/photo-editor-at-frankies-bikinis-3825102807?refId=j0P7scRJGp6AwkjS4nRvDA%3D%3D&trackingId=ejc07%2B5vZWSL5zePWpQ1Ww%3D%3D&position=10&pageNum=0&trk=public_jobs_jserp-result_search-card
10,Primcura Healthcare,Virtual Assistant,"Houston, TX",https://www.linkedin.com/jobs/view/virtual-assistant-at-primcura-healthcare-3824667136?refId=j0P7scRJGp6AwkjS4nRvDA%3D%3D&trackingId=5T2p4qRrkl47D2bKEdTZ%2FA%3D%3D&position=11&pageNum=0&trk=public_jobs_jserp-result_search-card
11,Patterned Learning Career,Junior Recruiter,"Spokane, WA",https://www.linkedin.com/jobs/view/junior-recruiter-at-patterned-learning-career-3824535131?refId=j0P7scRJGp6AwkjS4nRvDA%3D%3D&trackingId=yBOPfJQ%2BPq%2BajZXZ48rvvA%3D%3D&position=12&pageNum=0&trk=public_jobs_jserp-result_search-card
12,Opinion Focus Panel LLC,Data Entry Typist - Work From Home,Australia,https://au.linkedin.com/jobs/view/data-entry-typist-work-from-home-at-opinion-focus-panel-llc-3824233006?refId=j0P7scRJGp6AwkjS4nRvDA%3D%3D&trackingId=NPbo3xzPGH0HOL13RnBVvg%3D%3D&position=13&pageNum=0&trk=public_jobs_jserp-result_search-card
13,Opinion Focus Panel LLC,Data Entry Typist - Work From Home,United Kingdom,https://uk.linkedin.com/jobs/view/data-entry-typist-work-from-home-at-opinion-focus-panel-llc-3824229475?refId=j0P7scRJGp6AwkjS4nRvDA%3D%3D&trackingId=N8Dfepvf%2BIBzDBFK5pRjcg%3D%3D&position=14&pageNum=0&trk=public_jobs_jserp-result_search-card
14,"Riverside Technology, inc.",Videographer,United States,https://www.linkedin.com/jobs/view/videographer-at-riverside-technology-inc-3824518746?refId=j0P7scRJGp6AwkjS4nRvDA%3D%3D&trackingId=2GiFBmKNSaVNyzuc0PUs2Q%3D%3D&position=15&pageNum=0&trk=public_jobs_jserp-result_search-card
15,AdventHealth,Pathology Transcriptionist III- REMOTE,"Daytona Beach, FL",https://www.linkedin.com/jobs/view/pathology-transcriptionist-iii-remote-at-adventhealth-3824077593?refId=j0P7scRJGp6AwkjS4nRvDA%3D%3D&trackingId=K5uirTPpxffiFwZfrhgUJA%3D%3D&position=16&pageNum=0&trk=public_jobs_jserp-result_search-card
16,Aerosapien Technologies ™,Human Resources Assistant,Latin America,https://www.linkedin.com/jobs/view/human-resources-assistant-at-aerosapien-technologies-%E2%84%A2-3824912216?refId=j0P7scRJGp6AwkjS4nRvDA%3D%3D&trackingId=o%2BF2dGF%2FD9SC%2B9e%2BXi%2FXZQ%3D%3D&position=17&pageNum=0&trk=public_jobs_jserp-result_search-card
17,Opinion Focus Panel LLC,Typing Job,Canada,https://ca.linkedin.com/jobs/view/typing-job-at-opinion-focus-panel-llc-3824229609?refId=j0P7scRJGp6AwkjS4nRvDA%3D%3D&trackingId=AHUEI7wdeCkWrhTyZywCjQ%3D%3D&position=18&pageNum=0&trk=public_jobs_jserp-result_search-card
18,Opinion Focus Panel LLC,Typing Job,United Kingdom,https://uk.linkedin.com/jobs/view/typing-job-at-opinion-focus-panel-llc-3824231483?refId=j0P7scRJGp6AwkjS4nRvDA%3D%3D&trackingId=Bsxb1ruPkj9chvXsvWLuTw%3D%3D&position=19&pageNum=0&trk=public_jobs_jserp-result_search-card
19,Peachtree Foods,Country Manager,"Dubai, Dubai, United Arab Emirates",https://ae.linkedin.com/jobs/view/country-manager-at-peachtree-foods-3824520566?refId=j0P7scRJGp6AwkjS4nRvDA%3D%3D&trackingId=WGbthUjjhRi5hqhUa03iuw%3D%3D&position=20&pageNum=0&trk=public_jobs_jserp-result_search-card
20,Healthium Medtech Limited,Wound Closure Account Executive,"England, United Kingdom",https://uk.linkedin.com/jobs/view/wound-closure-account-executive-at-healthium-medtech-limited-3824644433?refId=j0P7scRJGp6AwkjS4nRvDA%3D%3D&trackingId=Rk07lNTGPtShBxnPJcilsQ%3D%3D&position=21&pageNum=0&trk=public_jobs_jserp-result_search-card
21,My Travel Connection,Remote Administrative Assistant,"Bronx, NY",https://www.linkedin.com/jobs/view/remote-administrative-assistant-at-my-travel-connection-3824519598?refId=j0P7scRJGp6AwkjS4nRvDA%3D%3D&trackingId=oARcEIHebe9Y7e%2FBGNwDig%3D%3D&position=22&pageNum=0&trk=public_jobs_jserp-result_search-card
22,Uranet Projetos e Sistemas,Analista de Help Desk,"São Paulo, São Paulo, Brazil",https://br.linkedin.com/jobs/view/analista-de-help-desk-at-uranet-projetos-e-sistemas-3824901990?refId=ZpktPgfFhOv6t8dmR4AZmg%3D%3D&trackingId=xVEyPgQB8tmw1SWJTCtv5A%3D%3D&position=1&pageNum=1&trk=public_jobs_jserp-result_search-card
23,My Travel Connection,Remote Scheduling Assistant,"West Palm Beach, FL",https://www.linkedin.com/jobs/view/remote-scheduling-assistant-at-my-travel-connection-3824522184?refId=ZpktPgfFhOv6t8dmR4AZmg%3D%3D&trackingId=rRjg8DLC5Jywrx65D5QBew%3D%3D&position=2&pageNum=1&trk=public_jobs_jserp-result_search-card
24,Compound,Client Service Associate,"Chicago, IL",https://www.linkedin.com/jobs/view/client-service-associate-at-compound-3824546541?refId=ZpktPgfFhOv6t8dmR4AZmg%3D%3D&trackingId=O0Zl6bxsRaPKbybNg5ZR1A%3D%3D&position=3&pageNum=1&trk=public_jobs_jserp-result_search-card
25,Belvo,CV for Future Opportunities,"São Paulo, São Paulo, Brazil",https://br.linkedin.com/jobs/view/cv-for-future-opportunities-at-belvo-3824994344?refId=ZpktPgfFhOv6t8dmR4AZmg%3D%3D&trackingId=h2Ql3RuH2E%2FZUqAptYjt7Q%3D%3D&position=4&pageNum=1&trk=public_jobs_jserp-result_search-card
26,FeyerINC,Scheduling Coordinator (REMOTE),NAMER,https://www.linkedin.com/jobs/view/scheduling-coordinator-remote-at-feyerinc-3824647264?refId=ZpktPgfFhOv6t8dmR4AZmg%3D%3D&trackingId=unNDDqIYcy5Dy%2B8pidXe9A%3D%3D&position=5&pageNum=1&trk=public_jobs_jserp-result_search-card
27,Opinion Focus Panel LLC,Typist Data Entry- Remote,Canada,https://ca.linkedin.com/jobs/view/typist-data-entry-remote-at-opinion-focus-panel-llc-3824229739?refId=ZpktPgfFhOv6t8dmR4AZmg%3D%3D&trackingId=VUczF2xfLLsJ2wu2ZeKRJw%3D%3D&position=6&pageNum=1&trk=public_jobs_jserp-result_search-card
28,Zealogics Inc,Personal Secretary to Managing Director/CEO (EST timings-Remote),"Kochi, Kerala, India",https://in.linkedin.com/jobs/view/personal-secretary-to-managing-director-ceo-est-timings-remote-at-zealogics-inc-3824640819?refId=ZpktPgfFhOv6t8dmR4AZmg%3D%3D&trackingId=rtLs4MBnP%2BhTyT6093ZFNg%3D%3D&position=7&pageNum=1&trk=public_jobs_jserp-result_search-card
29,Happy Mammoth,Email Marketing Manager,"Budapest, Budapest, Hungary",https://hu.linkedin.com/jobs/view/email-marketing-manager-at-happy-mammoth-3824641681?refId=ZpktPgfFhOv6t8dmR4AZmg%3D%3D&trackingId=6C4ftZfOuBxQdmz8vY9Ouw%3D%3D&position=8&pageNum=1&trk=public_jobs_jserp-result_search-card
30,"ENZER & ASSOCIATES, PC",Data Entry Analyst (Remote),"Al Wakrah, Al Wakrah, Qatar",https://qa.linkedin.com/jobs/view/data-entry-analyst-remote-at-enzer-associates-pc-3823570589?refId=ZpktPgfFhOv6t8dmR4AZmg%3D%3D&trackingId=1PtSKipVogVS5KOS%2FqnxxA%3D%3D&position=9&pageNum=1&trk=public_jobs_jserp-result_search-card
31,Opinion Focus Panel LLC,Data Entry Representative/ Junior Level,United Kingdom,https://uk.linkedin.com/jobs/view/data-entry-representative-junior-level-at-opinion-focus-panel-llc-3824054129?refId=ZpktPgfFhOv6t8dmR4AZmg%3D%3D&trackingId=R5JW0EX%2B%2Fpa8VJk2rR%2Beww%3D%3D&position=10&pageNum=1&trk=public_jobs_jserp-result_search-card
32,Happy Mammoth,Email Marketing Manager,"Madrid, Community of Madrid, Spain",https://es.linkedin.com/jobs/view/email-marketing-manager-at-happy-mammoth-3824642585?refId=ZpktPgfFhOv6t8dmR4AZmg%3D%3D&trackingId=vZtVr6tJziCOmgpHBv17tw%3D%3D&position=11&pageNum=1&trk=public_jobs_jserp-result_search-card
33,Opinion Focus Panel LLC,Data Entry Clerk Needed,Australia,https://au.linkedin.com/jobs/view/data-entry-clerk-needed-at-opinion-focus-panel-llc-3824052169?refId=ZpktPgfFhOv6t8dmR4AZmg%3D%3D&trackingId=qsZlH0PtYeYdGr0eUpFZXg%3D%3D&position=12&pageNum=1&trk=public_jobs_jserp-result_search-card
34,Opinion Focus Panel LLC,Typing Work Work From Home ( Remote),United States,https://www.linkedin.com/jobs/view/typing-work-work-from-home-remote-at-opinion-focus-panel-llc-3824232103?refId=ZpktPgfFhOv6t8dmR4AZmg%3D%3D&trackingId=SjbS6OP2exh4yPVFl9FaCQ%3D%3D&position=13&pageNum=1&trk=public_jobs_jserp-result_search-card
35,Virtual Professional,Data Entry Administrator,"Bogota, D.C., Capital District, Colombia",https://co.linkedin.com/jobs/view/data-entry-administrator-at-virtual-professional-3824530720?refId=ZpktPgfFhOv6t8dmR4AZmg%3D%3D&trackingId=RiiFd2sNoRzIGBYcXYzUWw%3D%3D&position=14&pageNum=1&trk=public_jobs_jserp-result_search-card
36,Contabilizei,Assistente de Atendimento de Contratos e Legalização,Brazil,https://br.linkedin.com/jobs/view/assistente-de-atendimento-de-contratos-e-legaliza%C3%A7%C3%A3o-at-contabilizei-3824603017?refId=ZpktPgfFhOv6t8dmR4AZmg%3D%3D&trackingId=%2F6ReJgR8X1DLxxihHISHbw%3D%3D&position=15&pageNum=1&trk=public_jobs_jserp-result_search-card
37,Opinion Focus Panel LLC,Typing Work Work From Home ( Remote),United Kingdom,https://uk.linkedin.com/jobs/view/typing-work-work-from-home-remote-at-opinion-focus-panel-llc-3824227598?refId=ZpktPgfFhOv6t8dmR4AZmg%3D%3D&trackingId=r%2FsKjp55f%2BK2JaMi%2BAYSag%3D%3D&position=16&pageNum=1&trk=public_jobs_jserp-result_search-card
38,"Riverside Technology, inc.",Workshop Logistics Coordinator,United States,https://www.linkedin.com/jobs/view/workshop-logistics-coordinator-at-riverside-technology-inc-3824522190?refId=ZpktPgfFhOv6t8dmR4AZmg%3D%3D&trackingId=lBUD%2Bt8f0w%2FIwLi9ypmEew%3D%3D&position=17&pageNum=1&trk=public_jobs_jserp-result_search-card
39,Creative Market,Marketing Designer,"Toronto, Ontario, Canada",https://ca.linkedin.com/jobs/view/marketing-designer-at-creative-market-3824519600?refId=ZpktPgfFhOv6t8dmR4AZmg%3D%3D&trackingId=kXVVeMn3gOIiUGRSRXg9MA%3D%3D&position=18&pageNum=1&trk=public_jobs_jserp-result_search-card
40,Leverify,HR Executive - Performance Management,"Islamabad, Islāmābād, Pakistan",https://pk.linkedin.com/jobs/view/hr-executive-performance-management-at-leverify-3824644497?refId=ZpktPgfFhOv6t8dmR4AZmg%3D%3D&trackingId=OJ9HhPaz0bbxCWwqriivGg%3D%3D&position=19&pageNum=1&trk=public_jobs_jserp-result_search-card
41,Opinion Focus Panel LLC,Entry Level - Data Entry ( Remote),Australia,https://au.linkedin.com/jobs/view/entry-level-data-entry-remote-at-opinion-focus-panel-llc-3824050618?refId=ZpktPgfFhOv6t8dmR4AZmg%3D%3D&trackingId=DIWXeYiuxMkH7RUULnFShQ%3D%3D&position=20&pageNum=1&trk=public_jobs_jserp-result_search-card
42,Get It Recruit - Educational Services,Elementary Teacher - Remote | WFH,"Triplet, VA",https://www.linkedin.com/jobs/view/elementary-teacher-remote-wfh-at-get-it-recruit-educational-services-3824282398?refId=ZpktPgfFhOv6t8dmR4AZmg%3D%3D&trackingId=7IBwuDwX0m0ZkQx9H8tOVg%3D%3D&position=21&pageNum=1&trk=public_jobs_jserp-result_search-card
43,FeyerINC,Scheduling Coordinator (REMOTE),"Sarasota, FL",https://www.linkedin.com/jobs/view/scheduling-coordinator-remote-at-feyerinc-3825115061?refId=ZpktPgfFhOv6t8dmR4AZmg%3D%3D&trackingId=VHUobRORhDmBVZyS3tfQQQ%3D%3D&position=22&pageNum=1&trk=public_jobs_jserp-result_search-card
44,FeyerINC,Scheduling Coordinator (REMOTE),"Washington, DC",https://www.linkedin.com/jobs/view/scheduling-coordinator-remote-at-feyerinc-3825110332?refId=ZpktPgfFhOv6t8dmR4AZmg%3D%3D&trackingId=naMulX4UJw8f0jEXBKg0zA%3D%3D&position=23&pageNum=1&trk=public_jobs_jserp-result_search-card
45,FeyerINC,Scheduling Coordinator (REMOTE),"Washington, DC",https://www.linkedin.com/jobs/view/scheduling-coordinator-remote-at-feyerinc-3825110332?refId=561RLzk4p%2FdUcnd9bM2Xag%3D%3D&trackingId=KxyXqFxLxhIaJGeWIypIwg%3D%3D&position=1&pageNum=2&trk=public_jobs_jserp-result_search-card
46,Confidencial,designer gráfico - home office,Greater São Paulo Area,https://br.linkedin.com/jobs/view/designer-gr%C3%A1fico-home-office-at-confidencial-3824627600?refId=561RLzk4p%2FdUcnd9bM2Xag%3D%3D&trackingId=HEChBXXgxRhkxCuhZfEkDg%3D%3D&position=2&pageNum=2&trk=public_jobs_jserp-result_search-card
47,Opinion Focus Panel LLC,Receptionist- Entry Level,United States,https://www.linkedin.com/jobs/view/receptionist-entry-level-at-opinion-focus-panel-llc-3824229412?refId=561RLzk4p%2FdUcnd9bM2Xag%3D%3D&trackingId=7LQFN4aenGJJNIjTQR96MA%3D%3D&position=3&pageNum=2&trk=public_jobs_jserp-result_search-card
48,Manufactured,Head of Operating Finance,"Los Angeles, CA",https://www.linkedin.com/jobs/view/head-of-operating-finance-at-manufactured-3824256386?refId=561RLzk4p%2FdUcnd9bM2Xag%3D%3D&trackingId=c8U%2FoD77k1zr4I9ObaNfFA%3D%3D&position=4&pageNum=2&trk=public_jobs_jserp-result_search-card
49,MyTeam.win,Content Writer,India,https://in.linkedin.com/jobs/view/content-writer-at-myteam-win-3824517652?refId=561RLzk4p%2FdUcnd9bM2Xag%3D%3D&trackingId=kvgXSQ5w7Db1n5inbMPsGA%3D%3D&position=5&pageNum=2&trk=public_jobs_jserp-result_search-card
50,Opinion Focus Panel LLC,Data Entry Administrative,United States,https://www.linkedin.com/jobs/view/data-entry-administrative-at-opinion-focus-panel-llc-3824051459?refId=561RLzk4p%2FdUcnd9bM2Xag%3D%3D&trackingId=5Pl7rpNG2htwKnWeGihvHw%3D%3D&position=6&pageNum=2&trk=public_jobs_jserp-result_search-card
51,Remotivate,Operations and Admin Assistant,Portugal,https://pt.linkedin.com/jobs/view/operations-and-admin-assistant-at-remotivate-3825109286?refId=561RLzk4p%2FdUcnd9bM2Xag%3D%3D&trackingId=p0VGgH5V%2FxqaHQckoogjvg%3D%3D&position=7&pageNum=2&trk=public_jobs_jserp-result_search-card
52,Remotivate,Operations and Admin Assistant,Bulgaria,https://bg.linkedin.com/jobs/view/operations-and-admin-assistant-at-remotivate-3825105887?refId=561RLzk4p%2FdUcnd9bM2Xag%3D%3D&trackingId=EfxnQEJc5cdfREVz3bQnng%3D%3D&position=8&pageNum=2&trk=public_jobs_jserp-result_search-card
53,Remotivate,Operations and Admin Assistant,Spain,https://es.linkedin.com/jobs/view/operations-and-admin-assistant-at-remotivate-3825109278?refId=561RLzk4p%2FdUcnd9bM2Xag%3D%3D&trackingId=E9ICsBF%2Br1aPT9hTCWDrjw%3D%3D&position=9&pageNum=2&trk=public_jobs_jserp-result_search-card
54,Remotivate,Operations and Admin Assistant,Hungary,https://hu.linkedin.com/jobs/view/operations-and-admin-assistant-at-remotivate-3825106780?refId=561RLzk4p%2FdUcnd9bM2Xag%3D%3D&trackingId=O%2Bh%2FAQ8rwsmmkeR9uCb13w%3D%3D&position=10&pageNum=2&trk=public_jobs_jserp-result_search-card
55,Opinion Focus Panel LLC,Typist Work From Home,Canada,https://ca.linkedin.com/jobs/view/typist-work-from-home-at-opinion-focus-panel-llc-3824231486?refId=561RLzk4p%2FdUcnd9bM2Xag%3D%3D&trackingId=lRO0Fi9ETey%2FZcsRbdCMsA%3D%3D&position=11&pageNum=2&trk=public_jobs_jserp-result_search-card
56,Opinion Focus Panel LLC,Data Entry Clerk Assistant,Canada,https://ca.linkedin.com/jobs/view/data-entry-clerk-assistant-at-opinion-focus-panel-llc-3824229693?refId=561RLzk4p%2FdUcnd9bM2Xag%3D%3D&trackingId=GG2cYpnqk6%2FPJhoMrLY%2BkA%3D%3D&position=12&pageNum=2&trk=public_jobs_jserp-result_search-card
57,Lifes A Dream Travel,Scheduling Assistant (Remote),"Washington, DC",https://www.linkedin.com/jobs/view/scheduling-assistant-remote-at-lifes-a-dream-travel-3825107759?refId=561RLzk4p%2FdUcnd9bM2Xag%3D%3D&trackingId=W7%2Fdccbpqs4AfOmJavLZQQ%3D%3D&position=13&pageNum=2&trk=public_jobs_jserp-result_search-card
58,Keller Executive Search International,Senior Recruiter - Internal Team (India based),"Ahmedabad, Gujarat, India",https://in.linkedin.com/jobs/view/senior-recruiter-internal-team-india-based-at-keller-executive-search-international-3824057945?refId=561RLzk4p%2FdUcnd9bM2Xag%3D%3D&trackingId=Xpbma56y5oBhGbD5dffssw%3D%3D&position=14&pageNum=2&trk=public_jobs_jserp-result_search-card
59,Sinch,Procurement Manager,Sweden,https://se.linkedin.com/jobs/view/procurement-manager-at-sinch-3824998542?refId=561RLzk4p%2FdUcnd9bM2Xag%3D%3D&trackingId=%2BirYzX2%2Bb%2FIosg3rHVFABQ%3D%3D&position=15&pageNum=2&trk=public_jobs_jserp-result_search-card
60,Dexerto,Project Coordinator,"Montgomery County, KS",https://www.linkedin.com/jobs/view/project-coordinator-at-dexerto-3824645115?refId=561RLzk4p%2FdUcnd9bM2Xag%3D%3D&trackingId=R5ca1x4qRQQY4obSTAYaJg%3D%3D&position=16&pageNum=2&trk=public_jobs_jserp-result_search-card
61,AMcom Sistemas de Informação,Pessoa Gerente de Projetos,Brazil,https://br.linkedin.com/jobs/view/pessoa-gerente-de-projetos-at-amcom-3824508211?refId=561RLzk4p%2FdUcnd9bM2Xag%3D%3D&trackingId=YCBlYFTippnv1IM405gDnw%3D%3D&position=17&pageNum=2&trk=public_jobs_jserp-result_search-card
62,Opinion Focus Panel LLC,Data Entry Clerk - Fully Remote,United States,https://www.linkedin.com/jobs/view/data-entry-clerk-fully-remote-at-opinion-focus-panel-llc-3824048820?refId=561RLzk4p%2FdUcnd9bM2Xag%3D%3D&trackingId=1in7Rne3dph6Xt9OiY2Bxg%3D%3D&position=18&pageNum=2&trk=public_jobs_jserp-result_search-card
63,Tusclasesparticulares,Dar clases particulares de ESO - Teletrabajo,Spain,https://es.linkedin.com/jobs/view/dar-clases-particulares-de-eso-teletrabajo-at-tusclasesparticulares-3824987543?refId=561RLzk4p%2FdUcnd9bM2Xag%3D%3D&trackingId=%2Bgkd%2BWP9eCFQPRFZAFPpqw%3D%3D&position=19&pageNum=2&trk=public_jobs_jserp-result_search-card
64,Opinion Focus Panel LLC,Typist Data Entry- Remote,United Kingdom,https://uk.linkedin.com/jobs/view/typist-data-entry-remote-at-opinion-focus-panel-llc-3824050627?refId=561RLzk4p%2FdUcnd9bM2Xag%3D%3D&trackingId=9vEwKiTxOgcxwJKDNzV4GA%3D%3D&position=20&pageNum=2&trk=public_jobs_jserp-result_search-card
65,Sigma Group,Tulu Transcribers (Remote),"Québec, Quebec, Canada",https://ca.linkedin.com/jobs/view/tulu-transcribers-remote-at-sigma-group-3824275484?refId=561RLzk4p%2FdUcnd9bM2Xag%3D%3D&trackingId=98y0JwPr%2F%2Bn7L9wgVlgzag%3D%3D&position=21&pageNum=2&trk=public_jobs_jserp-result_search-card
66,Keller Executive Search International,Senior Recruiter - Internal Team (Egypt based),"Cairo, Cairo, Egypt",https://eg.linkedin.com/jobs/view/senior-recruiter-internal-team-egypt-based-at-keller-executive-search-international-3824074847?refId=561RLzk4p%2FdUcnd9bM2Xag%3D%3D&trackingId=stp7R3SkB2WxsKJutwA80g%3D%3D&position=22&pageNum=2&trk=public_jobs_jserp-result_search-card
67,Lifes A Dream Travel,Administrative/Office Travel Assistant (Remote),"Queens, NY",https://www.linkedin.com/jobs/view/administrative-office-travel-assistant-remote-at-lifes-a-dream-travel-3824521237?refId=561RLzk4p%2FdUcnd9bM2Xag%3D%3D&trackingId=dO8arosrIPzoykn3o%2FGGBg%3D%3D&position=23&pageNum=2&trk=public_jobs_jserp-result_search-card
68,Opinion Focus Panel LLC,Typing Work Work From Home ( Remote),Australia,https://au.linkedin.com/jobs/view/typing-work-work-from-home-remote-at-opinion-focus-panel-llc-3824231331?refId=561RLzk4p%2FdUcnd9bM2Xag%3D%3D&trackingId=KHpwf5MV7EOE6GQje3waLA%3D%3D&position=24&pageNum=2&trk=public_jobs_jserp-result_search-card
69,Opinion Focus Panel LLC,Data Entry Clerk Needed,Canada,https://ca.linkedin.com/jobs/view/data-entry-clerk-needed-at-opinion-focus-panel-llc-3824230717?refId=HJt5BryGO55BG%2FhGuTAwBA%3D%3D&trackingId=0Re5FWOFRuj6sMdB4o7GkA%3D%3D&position=1&pageNum=3&trk=public_jobs_jserp-result_search-card
70,Keller Executive Search International,Senior Recruiter - Internal Team (Jordan based),"Amman, Amman, Jordan",https://jo.linkedin.com/jobs/view/senior-recruiter-internal-team-jordan-based-at-keller-executive-search-international-3824072955?refId=HJt5BryGO55BG%2FhGuTAwBA%3D%3D&trackingId=Y%2F3P%2FLE%2BQELfqsOnl7G%2FDg%3D%3D&position=2&pageNum=3&trk=public_jobs_jserp-result_search-card
71,Opinion Focus Panel LLC,Data Entry Clerk- Fully Remote,United Kingdom,https://uk.linkedin.com/jobs/view/data-entry-clerk-fully-remote-at-opinion-focus-panel-llc-3824053161?refId=HJt5BryGO55BG%2FhGuTAwBA%3D%3D&trackingId=a3PhSCYQMPcxqZx6xdjo2Q%3D%3D&position=3&pageNum=3&trk=public_jobs_jserp-result_search-card
72,Catena,Executive Assistant - SD,Philippines,https://ph.linkedin.com/jobs/view/executive-assistant-sd-at-catena-3824516878?refId=HJt5BryGO55BG%2FhGuTAwBA%3D%3D&trackingId=qjN0jwrvuOteAMsYVaoOow%3D%3D&position=4&pageNum=3&trk=public_jobs_jserp-result_search-card
73,Rad AI,Executive Assistant,United States,https://www.linkedin.com/jobs/view/executive-assistant-at-rad-ai-3824547323?refId=HJt5BryGO55BG%2FhGuTAwBA%3D%3D&trackingId=ZntQ4vzPDPh8cX8kKClo1g%3D%3D&position=5&pageNum=3&trk=public_jobs_jserp-result_search-card
74,join.com,Video Editor at Studio Giuseppe Lepore,United States,https://www.linkedin.com/jobs/view/video-editor-at-studio-giuseppe-lepore-at-join-com-3824993160?refId=HJt5BryGO55BG%2FhGuTAwBA%3D%3D&trackingId=Q5A7B7E8ZfGhZz3uGiKVcA%3D%3D&position=6&pageNum=3&trk=public_jobs_jserp-result_search-card
75,Opinion Focus Panel LLC,Typist Job ( Remote),United Kingdom,https://uk.linkedin.com/jobs/view/typist-job-remote-at-opinion-focus-panel-llc-3824231381?refId=HJt5BryGO55BG%2FhGuTAwBA%3D%3D&trackingId=7asLpP%2FmgY22TCFkFOfT9g%3D%3D&position=7&pageNum=3&trk=public_jobs_jserp-result_search-card
76,Opinion Focus Panel LLC,Typist Job ( Remote),Australia,https://au.linkedin.com/jobs/view/typist-job-remote-at-opinion-focus-panel-llc-3824227618?refId=HJt5BryGO55BG%2FhGuTAwBA%3D%3D&trackingId=XZvn%2FFD1pC9Ngj8z59IL8w%3D%3D&position=8&pageNum=3&trk=public_jobs_jserp-result_search-card
77,Keller Executive Search International,Senior Recruiter - Internal Team (Portugal based),"Lisboa, Lisbon, Portugal",https://pt.linkedin.com/jobs/view/senior-recruiter-internal-team-portugal-based-at-keller-executive-search-international-3824076303?refId=HJt5BryGO55BG%2FhGuTAwBA%3D%3D&trackingId=CE22Hp%2BxpPwfYJNHV8hQJw%3D%3D&position=9&pageNum=3&trk=public_jobs_jserp-result_search-card
78,Opinion Focus Panel LLC,Data Entry Clerk Job,Australia,https://au.linkedin.com/jobs/view/data-entry-clerk-job-at-opinion-focus-panel-llc-3824048989?refId=HJt5BryGO55BG%2FhGuTAwBA%3D%3D&trackingId=0bGXki5U72sglE0i35N4lQ%3D%3D&position=10&pageNum=3&trk=public_jobs_jserp-result_search-card
79,Remotivate,Operations and Admin Assistant,Slovenia,https://si.linkedin.com/jobs/view/operations-and-admin-assistant-at-remotivate-3825108431?refId=HJt5BryGO55BG%2FhGuTAwBA%3D%3D&trackingId=bnJLv7OefdiT7TcDGasQNA%3D%3D&position=11&pageNum=3&trk=public_jobs_jserp-result_search-card
80,Remotivate,Operations and Admin Assistant,Czechia,https://cz.linkedin.com/jobs/view/operations-and-admin-assistant-at-remotivate-3825109279?refId=HJt5BryGO55BG%2FhGuTAwBA%3D%3D&trackingId=vIRhMgRe2PHhr8DJOVJWjA%3D%3D&position=12&pageNum=3&trk=public_jobs_jserp-result_search-card
81,Remotivate,Operations and Admin Assistant,France,https://fr.linkedin.com/jobs/view/operations-and-admin-assistant-at-remotivate-3825107714?refId=HJt5BryGO55BG%2FhGuTAwBA%3D%3D&trackingId=CYcvKjhyGbDkvkpy4a%2FVyw%3D%3D&position=13&pageNum=3&trk=public_jobs_jserp-result_search-card
82,Remotivate,Operations and Admin Assistant,Slovakia,https://sk.linkedin.com/jobs/view/operations-and-admin-assistant-at-remotivate-3825106782?refId=HJt5BryGO55BG%2FhGuTAwBA%3D%3D&trackingId=Tq%2FG7sFU2gZ7bO1MP7Hu9Q%3D%3D&position=14&pageNum=3&trk=public_jobs_jserp-result_search-card
83,Remotivate,Operations and Admin Assistant,Greece,https://gr.linkedin.com/jobs/view/operations-and-admin-assistant-at-remotivate-3825108430?refId=HJt5BryGO55BG%2FhGuTAwBA%3D%3D&trackingId=%2Byd2Q2eJQXO8AalusUIhFw%3D%3D&position=15&pageNum=3&trk=public_jobs_jserp-result_search-card
84,Remotivate,Operations and Admin Assistant,Romania,https://ro.linkedin.com/jobs/view/operations-and-admin-assistant-at-remotivate-3825108423?refId=HJt5BryGO55BG%2FhGuTAwBA%3D%3D&trackingId=%2FrsBl8L%2B2A6Rd0UkqDRAkQ%3D%3D&position=16&pageNum=3&trk=public_jobs_jserp-result_search-card
85,Compound,Client Service Associate,"Virginia Beach, VA",https://www.linkedin.com/jobs/view/client-service-associate-at-compound-3824549211?refId=HJt5BryGO55BG%2FhGuTAwBA%3D%3D&trackingId=GGfozcIQs6I1gdULxB%2Bn8Q%3D%3D&position=17&pageNum=3&trk=public_jobs_jserp-result_search-card
86,Compound,Client Service Associate,"Seattle, WA",https://www.linkedin.com/jobs/view/client-service-associate-at-compound-3824550139?refId=HJt5BryGO55BG%2FhGuTAwBA%3D%3D&trackingId=iNI83RxTd9QVnpLFNurK7A%3D%3D&position=18&pageNum=3&trk=public_jobs_jserp-result_search-card
87,Compound,Client Service Associate,"Baltimore, MD",https://www.linkedin.com/jobs/view/client-service-associate-at-compound-3824549210?refId=HJt5BryGO55BG%2FhGuTAwBA%3D%3D&trackingId=YEDZlCk5TzzCHgfO%2BiwrfQ%3D%3D&position=19&pageNum=3&trk=public_jobs_jserp-result_search-card
88,Opinion Focus Panel LLC,Data Entry Clerk/Entry Level ( Remote),Australia,https://au.linkedin.com/jobs/view/data-entry-clerk-entry-level-remote-at-opinion-focus-panel-llc-3824056029?refId=HJt5BryGO55BG%2FhGuTAwBA%3D%3D&trackingId=fSSJw4lpjgKObLoSTdEubg%3D%3D&position=20&pageNum=3&trk=public_jobs_jserp-result_search-card
89,FeyerINC,Scheduling Coordinator (REMOTE),"Wisconsin, United States",https://www.linkedin.com/jobs/view/scheduling-coordinator-remote-at-feyerinc-3825109676?refId=HJt5BryGO55BG%2FhGuTAwBA%3D%3D&trackingId=lxRyyxxWcMcdfbA%2BomEc8w%3D%3D&position=21&pageNum=3&trk=public_jobs_jserp-result_search-card
90,FeyerINC,Scheduling Coordinator (REMOTE),"Bremerton, WA",https://www.linkedin.com/jobs/view/scheduling-coordinator-remote-at-feyerinc-3825113208?refId=HJt5BryGO55BG%2FhGuTAwBA%3D%3D&trackingId=FnwwOuJQQP0xTkyWz%2Fyprg%3D%3D&position=22&pageNum=3&trk=public_jobs_jserp-result_search-card
91,Keller Executive Search International,Senior Recruiter - Internal Team (Kenya based),"Nairobi, Nairobi County, Kenya",https://ke.linkedin.com/jobs/view/senior-recruiter-internal-team-kenya-based-at-keller-executive-search-international-3824056452?refId=HJt5BryGO55BG%2FhGuTAwBA%3D%3D&trackingId=wt3Ezm5m2gIV7lPL0x0XTg%3D%3D&position=23&pageNum=3&trk=public_jobs_jserp-result_search-card
92,Remotivate,Operations and Admin Assistant,Greece,https://gr.linkedin.com/jobs/view/operations-and-admin-assistant-at-remotivate-3825104943?refId=HJt5BryGO55BG%2FhGuTAwBA%3D%3D&trackingId=frHhPHPy7gvGqsPuX3FOHQ%3D%3D&position=24&pageNum=3&trk=public_jobs_jserp-result_search-card
93,GENTE OK,Líder de talento humano y cultura,"Medellín, Antioquia, Colombia",https://co.linkedin.com/jobs/view/l%C3%ADder-de-talento-humano-y-cultura-at-gente-ok-3824537285?refId=HJt5BryGO55BG%2FhGuTAwBA%3D%3D&trackingId=VM1KSojTcXVAixL4SWTOjA%3D%3D&position=25&pageNum=3&trk=public_jobs_jserp-result_search-card
94,MyTeam.win,Social Media Manager,India,https://in.linkedin.com/jobs/view/social-media-manager-at-myteam-win-3824519504?refId=aspJ9TWviIqtiMPUH2RWQw%3D%3D&trackingId=A8lupDsQP02e%2FylOZ9gdKQ%3D%3D&position=1&pageNum=4&trk=public_jobs_jserp-result_search-card
95,ClientFlowX CRM,Head of Operations,India,https://in.linkedin.com/jobs/view/head-of-operations-at-clientflowx-crm-3824532377?refId=aspJ9TWviIqtiMPUH2RWQw%3D%3D&trackingId=9DTQA4lq8ml9%2BUnYeuamnA%3D%3D&position=2&pageNum=4&trk=public_jobs_jserp-result_search-card
96,Opinion Focus Panel LLC,Entry Level - Data Entry ( Remote),United Kingdom,https://uk.linkedin.com/jobs/view/entry-level-data-entry-remote-at-opinion-focus-panel-llc-3824049627?refId=aspJ9TWviIqtiMPUH2RWQw%3D%3D&trackingId=tcnoV0w1h2KqKfgmcbTQNQ%3D%3D&position=3&pageNum=4&trk=public_jobs_jserp-result_search-card
97,My Travel Connection,Remote Administrative Assistant,"Brooklyn, NY",https://www.linkedin.com/jobs/view/remote-administrative-assistant-at-my-travel-connection-3824519585?refId=aspJ9TWviIqtiMPUH2RWQw%3D%3D&trackingId=MOfC1L8NGMhGCCbqn%2FHASA%3D%3D&position=4&pageNum=4&trk=public_jobs_jserp-result_search-card
98,Keller Executive Search International,Senior Recruiter - Internal Team (Nigeria based),"Lagos, Lagos State, Nigeria",https://ng.linkedin.com/jobs/view/senior-recruiter-internal-team-nigeria-based-at-keller-executive-search-international-3824055500?refId=aspJ9TWviIqtiMPUH2RWQw%3D%3D&trackingId=0zInu4wzjOibu9OPMy2pIA%3D%3D&position=5&pageNum=4&trk=public_jobs_jserp-result_search-card
99,Lifes A Dream Travel,Virtual Scheduling Assistant,"Miami, FL",https://www.linkedin.com/jobs/view/virtual-scheduling-assistant-at-lifes-a-dream-travel-3825105933?refId=aspJ9TWviIqtiMPUH2RWQw%3D%3D&trackingId=dnDqxOWFatoOEQrJ9jJNGQ%3D%3D&position=6&pageNum=4&trk=public_jobs_jserp-result_search-card
100,Patterned Learning Career,Junior Virtual Assistant,"Spokane, WA",https://www.linkedin.com/jobs/view/junior-virtual-assistant-at-patterned-learning-career-3824530709?refId=aspJ9TWviIqtiMPUH2RWQw%3D%3D&trackingId=shn62FZ5OeSlRXzhHkDwAw%3D%3D&position=7&pageNum=4&trk=public_jobs_jserp-result_search-card
101,Worlds,Video Editor,United States,https://www.linkedin.com/jobs/view/video-editor-at-worlds-3824548146?refId=aspJ9TWviIqtiMPUH2RWQw%3D%3D&trackingId=QQdp7aFIhSOMIFbZmOTtLQ%3D%3D&position=8&pageNum=4&trk=public_jobs_jserp-result_search-card
102,DraftKings Inc.,VIP Hospitality Specialist,"Massachusetts, United States",https://www.linkedin.com/jobs/view/vip-hospitality-specialist-at-draftkings-inc-3824510808?refId=aspJ9TWviIqtiMPUH2RWQw%3D%3D&trackingId=iJ0reEbYTWErhXNq6tIjYA%3D%3D&position=9&pageNum=4&trk=public_jobs_jserp-result_search-card
103,Opinion Focus Panel LLC,Data Entry Clerk - Full Time/Part Time,United Kingdom,https://uk.linkedin.com/jobs/view/data-entry-clerk-full-time-part-time-at-opinion-focus-panel-llc-3824052275?refId=aspJ9TWviIqtiMPUH2RWQw%3D%3D&trackingId=1hZ9R5mrcZKB33TtD4xYXw%3D%3D&position=10&pageNum=4&trk=public_jobs_jserp-result_search-card
104,InfoTrack US,Customer Support Helpdesk Specialist,United States,https://www.linkedin.com/jobs/view/customer-support-helpdesk-specialist-at-infotrack-us-3824515845?refId=aspJ9TWviIqtiMPUH2RWQw%3D%3D&trackingId=DU6TG9GPSVsu5gvthmXfyQ%3D%3D&position=11&pageNum=4&trk=public_jobs_jserp-result_search-card
105,Opinion Focus Panel LLC,Receptionist- Entry Level,United States,https://www.linkedin.com/jobs/view/receptionist-entry-level-at-opinion-focus-panel-llc-3824229491?refId=aspJ9TWviIqtiMPUH2RWQw%3D%3D&trackingId=G6okbWAGzJ2y3kXhRKvV9w%3D%3D&position=12&pageNum=4&trk=public_jobs_jserp-result_search-card
106,Bizbox Publishing,Graphic Designer,"Delhi, Delhi, India",https://in.linkedin.com/jobs/view/graphic-designer-at-bizbox-publishing-3824534339?refId=aspJ9TWviIqtiMPUH2RWQw%3D%3D&trackingId=e1tD8HV9Q4%2FTAlG2Bm1dqw%3D%3D&position=13&pageNum=4&trk=public_jobs_jserp-result_search-card
107,Opinion Focus Panel LLC,Typist Data Entry Junior,United Kingdom,https://uk.linkedin.com/jobs/view/typist-data-entry-junior-at-opinion-focus-panel-llc-3824051531?refId=aspJ9TWviIqtiMPUH2RWQw%3D%3D&trackingId=NwwABL3h4sSbXr3pOtrykA%3D%3D&position=14&pageNum=4&trk=public_jobs_jserp-result_search-card
108,Clima Comunicacao,Analista de Comunicação - Foco em atendimento,Brazil,https://br.linkedin.com/jobs/view/analista-de-comunica%C3%A7%C3%A3o-foco-em-atendimento-at-clima-comunica%C3%A7%C3%A3o-3824510091?refId=aspJ9TWviIqtiMPUH2RWQw%3D%3D&trackingId=Qhk7B0IUAXM5tOa3yEtEpw%3D%3D&position=15&pageNum=4&trk=public_jobs_jserp-result_search-card
109,GlobalHunt,Manager - Leadership Hiring (Work from Anywhere -100% remote),India,https://in.linkedin.com/jobs/view/manager-leadership-hiring-work-from-anywhere-100%25-remote-at-globalhunt-3824256073?refId=aspJ9TWviIqtiMPUH2RWQw%3D%3D&trackingId=7Hflc63GrN7ES%2BUSQbb0sA%3D%3D&position=16&pageNum=4&trk=public_jobs_jserp-result_search-card
110,Opinion Focus Panel LLC,Data Entry Clerk Assistant,United Kingdom,https://uk.linkedin.com/jobs/view/data-entry-clerk-assistant-at-opinion-focus-panel-llc-3824052171?refId=aspJ9TWviIqtiMPUH2RWQw%3D%3D&trackingId=H3vYwWNfoJdn%2B9lRXLNuIw%3D%3D&position=17&pageNum=4&trk=public_jobs_jserp-result_search-card
111,Dexerto,Project Coordinator,United Kingdom,https://uk.linkedin.com/jobs/view/project-coordinator-at-dexerto-3824640866?refId=aspJ9TWviIqtiMPUH2RWQw%3D%3D&trackingId=7E2LBYHI4Tw51aRQimzmHw%3D%3D&position=18&pageNum=4&trk=public_jobs_jserp-result_search-card
112,Leverify,Data Entry and Quality Assurance Executive,"Islamabad, Islāmābād, Pakistan",https://pk.linkedin.com/jobs/view/data-entry-and-quality-assurance-executive-at-leverify-3824647219?refId=aspJ9TWviIqtiMPUH2RWQw%3D%3D&trackingId=jI6J7DqreK9%2FixlLTqG8Cw%3D%3D&position=19&pageNum=4&trk=public_jobs_jserp-result_search-card
113,Compound,Client Service Associate,"Tulsa, OK",https://www.linkedin.com/jobs/view/client-service-associate-at-compound-3824545670?refId=aspJ9TWviIqtiMPUH2RWQw%3D%3D&trackingId=EoPIN7F5Ftq9M3Fx7hAhJg%3D%3D&position=20&pageNum=4&trk=public_jobs_jserp-result_search-card
114,Compound,Client Service Associate,"Denver, CO",https://www.linkedin.com/jobs/view/client-service-associate-at-compound-3824546543?refId=aspJ9TWviIqtiMPUH2RWQw%3D%3D&trackingId=9KcRMsiF2bK0dR0yBVLsVg%3D%3D&position=21&pageNum=4&trk=public_jobs_jserp-result_search-card
115,Compound,Client Service Associate,"Wichita, KS",https://www.linkedin.com/jobs/view/client-service-associate-at-compound-3824550137?refId=aspJ9TWviIqtiMPUH2RWQw%3D%3D&trackingId=lkGcnYcXD5b3L5JEYU3Eng%3D%3D&position=22&pageNum=4&trk=public_jobs_jserp-result_search-card
116,Compound,Client Service Associate,"Colorado Springs, CO",https://www.linkedin.com/jobs/view/client-service-associate-at-compound-3824547315?refId=aspJ9TWviIqtiMPUH2RWQw%3D%3D&trackingId=5xZL%2FEM8MH3urOXqHUFNoA%3D%3D&position=23&pageNum=4&trk=public_jobs_jserp-result_search-card
117,Compound,Client Service Associate,"Boston, MA",https://www.linkedin.com/jobs/view/client-service-associate-at-compound-3824549208?refId=aspJ9TWviIqtiMPUH2RWQw%3D%3D&trackingId=mzO3alruTFZdVRiJgriFZw%3D%3D&position=24&pageNum=4&trk=public_jobs_jserp-result_search-card
118,Compound,Client Service Associate,"Detroit, MI",https://www.linkedin.com/jobs/view/client-service-associate-at-compound-3824550140?refId=aspJ9TWviIqtiMPUH2RWQw%3D%3D&trackingId=T3Vlix6mDQWE0n9e1LDu7Q%3D%3D&position=25&pageNum=4&trk=public_jobs_jserp-result_search-card
119,Compound,Client Service Associate,"Boston, MA",https://www.linkedin.com/jobs/view/client-service-associate-at-compound-3824549208?refId=v17h61rkQ3641HOmxjsb0w%3D%3D&trackingId=eeXQy8fkAC%2FX%2F0n0A28rfQ%3D%3D&position=1&pageNum=5&trk=public_jobs_jserp-result_search-card
120,Compound,Client Service Associate,"Detroit, MI",https://www.linkedin.com/jobs/view/client-service-associate-at-compound-3824550140?refId=v17h61rkQ3641HOmxjsb0w%3D%3D&trackingId=RwH30a0K7Rb7asmiLVyYoA%3D%3D&position=2&pageNum=5&trk=public_jobs_jserp-result_search-card
121,Rhythm Pharmaceuticals Inc.,Marketing Director - Canada,"Toronto, Ontario, Canada",https://ca.linkedin.com/jobs/view/marketing-director-canada-at-rhythm-pharmaceuticals-inc-3824907437?refId=v17h61rkQ3641HOmxjsb0w%3D%3D&trackingId=TU%2FB8yye0UVinwQzvN3qdw%3D%3D&position=3&pageNum=5&trk=public_jobs_jserp-result_search-card
122,Rad AI,Executive Assistant,United States,https://www.linkedin.com/jobs/view/executive-assistant-at-rad-ai-3824547323?refId=v17h61rkQ3641HOmxjsb0w%3D%3D&trackingId=V%2ByURkixBwX6sfU7V2Yazg%3D%3D&position=4&pageNum=5&trk=public_jobs_jserp-result_search-card
123,Opinion Focus Panel LLC,Data Entry Clerk-Work From Home - Survey Participa,United States,https://www.linkedin.com/jobs/view/data-entry-clerk-work-from-home-survey-participa-at-opinion-focus-panel-llc-3824054148?refId=v17h61rkQ3641HOmxjsb0w%3D%3D&trackingId=K%2FxrTwBFJQdQVrT40DQNfw%3D%3D&position=5&pageNum=5&trk=public_jobs_jserp-result_search-card
124,Opinion Focus Panel LLC,Data Entry Administrative,United Kingdom,https://uk.linkedin.com/jobs/view/data-entry-administrative-at-opinion-focus-panel-llc-3824056028?refId=v17h61rkQ3641HOmxjsb0w%3D%3D&trackingId=53muc10aB2S4%2B5MeOHDXDQ%3D%3D&position=6&pageNum=5&trk=public_jobs_jserp-result_search-card
125,Opinion Focus Panel LLC,Data Entry Clerk- Part Time - Remote,Australia,https://au.linkedin.com/jobs/view/data-entry-clerk-part-time-remote-at-opinion-focus-panel-llc-3824045980?refId=v17h61rkQ3641HOmxjsb0w%3D%3D&trackingId=sHRI9Q4E%2BXuNeLGCa5cfQQ%3D%3D&position=7&pageNum=5&trk=public_jobs_jserp-result_search-card
126,My Travel Connection,Remote Scheduling Assistant,"Dallas, TX",https://www.linkedin.com/jobs/view/remote-scheduling-assistant-at-my-travel-connection-3824522168?refId=v17h61rkQ3641HOmxjsb0w%3D%3D&trackingId=b5pHf%2Fa%2BD3iozOEvgaKEmQ%3D%3D&position=8&pageNum=5&trk=public_jobs_jserp-result_search-card
127,Synectics Inc.,Special Event Coordinator,"Chicago, IL",https://www.linkedin.com/jobs/view/special-event-coordinator-at-synectics-inc-3824246754?refId=v17h61rkQ3641HOmxjsb0w%3D%3D&trackingId=waESyB3b7HkKDP883bpeRQ%3D%3D&position=9&pageNum=5&trk=public_jobs_jserp-result_search-card
128,Opinion Focus Panel LLC,Data Entry Administrative,United States,https://www.linkedin.com/jobs/view/data-entry-administrative-at-opinion-focus-panel-llc-3824046980?refId=v17h61rkQ3641HOmxjsb0w%3D%3D&trackingId=fSeVjoSD%2F9C1vngea2iHjw%3D%3D&position=10&pageNum=5&trk=public_jobs_jserp-result_search-card
129,My Travel Connection,Remote Scheduling Assistant,"Tulare, SD",https://www.linkedin.com/jobs/view/remote-scheduling-assistant-at-my-travel-connection-3824522175?refId=v17h61rkQ3641HOmxjsb0w%3D%3D&trackingId=c%2FeQbPu05g7i0nJ0EG5Qpw%3D%3D&position=11&pageNum=5&trk=public_jobs_jserp-result_search-card
130,Keller Executive Search International,Senior Recruiter - Internal Team (Indonesia based),Jakarta Metropolitan Area,https://id.linkedin.com/jobs/view/senior-recruiter-internal-team-indonesia-based-at-keller-executive-search-international-3824076424?refId=v17h61rkQ3641HOmxjsb0w%3D%3D&trackingId=6IRltoM3hURDgHmxRQJyrg%3D%3D&position=12&pageNum=5&trk=public_jobs_jserp-result_search-card
131,Opinion Focus Panel LLC,Data Entry Assistant - Remote,United Kingdom,https://uk.linkedin.com/jobs/view/data-entry-assistant-remote-at-opinion-focus-panel-llc-3824045964?refId=v17h61rkQ3641HOmxjsb0w%3D%3D&trackingId=r4GIFtpAczA%2BFbQWkx%2FJBQ%3D%3D&position=13&pageNum=5&trk=public_jobs_jserp-result_search-card
132,Lifes A Dream Travel,Virtual Scheduling Assistant,NAMER,https://www.linkedin.com/jobs/view/virtual-scheduling-assistant-at-lifes-a-dream-travel-3824643657?refId=v17h61rkQ3641HOmxjsb0w%3D%3D&trackingId=46uaJQNxptl5CrONPVXS%2Fg%3D%3D&position=14&pageNum=5&trk=public_jobs_jserp-result_search-card
133,Opinion Focus Panel LLC,Data Entry Administrative,Australia,https://au.linkedin.com/jobs/view/data-entry-administrative-at-opinion-focus-panel-llc-3824227787?refId=v17h61rkQ3641HOmxjsb0w%3D%3D&trackingId=UVl8GDddk0uDfOYEl8OnAw%3D%3D&position=15&pageNum=5&trk=public_jobs_jserp-result_search-card
134,Keller Executive Search International,Senior Recruiter - Internal Team (Jamaica based),"Kingston, Kingston, Jamaica",https://jm.linkedin.com/jobs/view/senior-recruiter-internal-team-jamaica-based-at-keller-executive-search-international-3824214748?refId=v17h61rkQ3641HOmxjsb0w%3D%3D&trackingId=macPHMTk9%2BKivFKaCxeOHg%3D%3D&position=16&pageNum=5&trk=public_jobs_jserp-result_search-card
135,Opinion Focus Panel LLC,Data Entry Clerk- Fully Remote,Canada,https://ca.linkedin.com/jobs/view/data-entry-clerk-fully-remote-at-opinion-focus-panel-llc-3824231514?refId=v17h61rkQ3641HOmxjsb0w%3D%3D&trackingId=nHVi9Jw%2B1kudYDkGw9dtmg%3D%3D&position=17&pageNum=5&trk=public_jobs_jserp-result_search-card
136,Opinion Focus Panel LLC,Virtual Data Entry Assistant,United States,https://www.linkedin.com/jobs/view/virtual-data-entry-assistant-at-opinion-focus-panel-llc-3824232101?refId=v17h61rkQ3641HOmxjsb0w%3D%3D&trackingId=CWVqwOugnG9LMVvQbJO%2BRA%3D%3D&position=18&pageNum=5&trk=public_jobs_jserp-result_search-card
137,PetLab Co.,Graduate Data Analyst,"London, England, United Kingdom",https://uk.linkedin.com/jobs/view/graduate-data-analyst-at-petlab-co-3824227472?refId=v17h61rkQ3641HOmxjsb0w%3D%3D&trackingId=xAz6oKKbAe1GgWwxnOdyWA%3D%3D&position=19&pageNum=5&trk=public_jobs_jserp-result_search-card
138,Opinion Focus Panel LLC,Data Entry Clerk/Entry Level ( Remote),Canada,https://ca.linkedin.com/jobs/view/data-entry-clerk-entry-level-remote-at-opinion-focus-panel-llc-3824233162?refId=v17h61rkQ3641HOmxjsb0w%3D%3D&trackingId=79HX9JQFR6vzNp5aVYqciA%3D%3D&position=20&pageNum=5&trk=public_jobs_jserp-result_search-card
139,Opinion Focus Panel LLC,Data Entry Clerk - Fully Remote,Canada,https://ca.linkedin.com/jobs/view/data-entry-clerk-fully-remote-at-opinion-focus-panel-llc-3824226854?refId=v17h61rkQ3641HOmxjsb0w%3D%3D&trackingId=rgUmIGf%2FZNSQ5Wz7gyFxDQ%3D%3D&position=21&pageNum=5&trk=public_jobs_jserp-result_search-card
140,Opinion Focus Panel LLC,Data Entry Clerk Assistant,Canada,https://ca.linkedin.com/jobs/view/data-entry-clerk-assistant-at-opinion-focus-panel-llc-3824229693?refId=v17h61rkQ3641HOmxjsb0w%3D%3D&trackingId=LPuS4X7%2FB8f6CkAjRhRIeg%3D%3D&position=22&pageNum=5&trk=public_jobs_jserp-result_search-card
141,JBL Resources,Master Data Analyst,"Michigan, United States",https://www.linkedin.com/jobs/view/master-data-analyst-at-jbl-resources-3825121253?refId=v17h61rkQ3641HOmxjsb0w%3D%3D&trackingId=bK%2F2siv2TS8vSfDagIvN2w%3D%3D&position=23&pageNum=5&trk=public_jobs_jserp-result_search-card
142,Remotivate,Customer Support Assistant,Poland,https://pl.linkedin.com/jobs/view/customer-support-assistant-at-remotivate-3825105903?refId=LDZBCuvwRO0zKDgBbbBVZQ%3D%3D&trackingId=DY98C5XMpNYRinJlk6gP4Q%3D%3D&position=1&pageNum=6&trk=public_jobs_jserp-result_search-card
143,Remotivate,Customer Support Assistant,Spain,https://es.linkedin.com/jobs/view/customer-support-assistant-at-remotivate-3825108446?refId=LDZBCuvwRO0zKDgBbbBVZQ%3D%3D&trackingId=%2BaOrAFKKe0yE%2Bt09527bgw%3D%3D&position=2&pageNum=6&trk=public_jobs_jserp-result_search-card
144,Remotivate,Customer Support Assistant,Germany,https://de.linkedin.com/jobs/view/customer-support-assistant-at-remotivate-3825106796?refId=LDZBCuvwRO0zKDgBbbBVZQ%3D%3D&trackingId=Ken9cu81waUMeAHqkSj%2BXQ%3D%3D&position=3&pageNum=6&trk=public_jobs_jserp-result_search-card
145,Proxys Group,ANALISTA DE SUPORTE JR.,"Curitiba, Paraná, Brazil",https://br.linkedin.com/jobs/view/analista-de-suporte-jr-at-proxys-group-3824531375?refId=LDZBCuvwRO0zKDgBbbBVZQ%3D%3D&trackingId=fmlNddkMsIYQfTt%2FHYv1cA%3D%3D&position=4&pageNum=6&trk=public_jobs_jserp-result_search-card
146,Opinion Focus Panel LLC,Data Admin - Work From Home,Canada,https://ca.linkedin.com/jobs/view/data-admin-work-from-home-at-opinion-focus-panel-llc-3824232080?refId=LDZBCuvwRO0zKDgBbbBVZQ%3D%3D&trackingId=HXuR4dpLwQkPyDXez2K8Mw%3D%3D&position=5&pageNum=6&trk=public_jobs_jserp-result_search-card
147,Keller Executive Search International,Senior Recruiter - Internal Team (Tunisia based),"Tunis, Tunisia",https://tn.linkedin.com/jobs/view/senior-recruiter-internal-team-tunisia-based-at-keller-executive-search-international-3824077060?refId=LDZBCuvwRO0zKDgBbbBVZQ%3D%3D&trackingId=9OGhBghgokLtlGNYbHH0TQ%3D%3D&position=6&pageNum=6&trk=public_jobs_jserp-result_search-card
148,Advocate,Director of Customer Experience and Advocate Operations,"Orlando, FL",https://www.linkedin.com/jobs/view/director-of-customer-experience-and-advocate-operations-at-advocate-3824519640?refId=LDZBCuvwRO0zKDgBbbBVZQ%3D%3D&trackingId=lgkU6Nl7vqaJTyzfzR0VXw%3D%3D&position=7&pageNum=6&trk=public_jobs_jserp-result_search-card
149,The New York Times,Copy Editor,"Gainesville, FL",https://www.linkedin.com/jobs/view/copy-editor-at-the-new-york-times-3824273137?refId=LDZBCuvwRO0zKDgBbbBVZQ%3D%3D&trackingId=cRPrC1d%2BaPYnwwcT7i%2FOTQ%3D%3D&position=8&pageNum=6&trk=public_jobs_jserp-result_search-card
150,Opinion Focus Panel LLC,Data Entry Administrative,Canada,https://ca.linkedin.com/jobs/view/data-entry-administrative-at-opinion-focus-panel-llc-3824230705?refId=LDZBCuvwRO0zKDgBbbBVZQ%3D%3D&trackingId=mL7WLorH4UBObFCMg%2B%2B12w%3D%3D&position=9&pageNum=6&trk=public_jobs_jserp-result_search-card
151,Opinion Focus Panel LLC,Data Entry Assistant- Full Time - Remote,Canada,https://ca.linkedin.com/jobs/view/data-entry-assistant-full-time-remote-at-opinion-focus-panel-llc-3824230571?refId=LDZBCuvwRO0zKDgBbbBVZQ%3D%3D&trackingId=Z00z97%2BubrshaeF1IesA7A%3D%3D&position=10&pageNum=6&trk=public_jobs_jserp-result_search-card
152,Allegiance Technology,Senior Director of Operations,"Tennessee, United States",https://www.linkedin.com/jobs/view/senior-director-of-operations-at-allegiance-technology-3824695653?refId=LDZBCuvwRO0zKDgBbbBVZQ%3D%3D&trackingId=afW9Ca%2BBEznTz2GcqD2Wpw%3D%3D&position=11&pageNum=6&trk=public_jobs_jserp-result_search-card
153,Opinion Focus Panel LLC,Data Entry Administrator - Junior,United States,https://www.linkedin.com/jobs/view/data-entry-administrator-junior-at-opinion-focus-panel-llc-3824054115?refId=LDZBCuvwRO0zKDgBbbBVZQ%3D%3D&trackingId=VeknjulShMk27Be3TYuUhw%3D%3D&position=12&pageNum=6&trk=public_jobs_jserp-result_search-card
154,Team Remotely Inc,Junior Software Developer Trainee,"New York, NY",https://www.linkedin.com/jobs/view/junior-software-developer-trainee-at-team-remotely-inc-3824535142?refId=LDZBCuvwRO0zKDgBbbBVZQ%3D%3D&trackingId=g9pa6QjVC5HZP1YYHtHshw%3D%3D&position=13&pageNum=6&trk=public_jobs_jserp-result_search-card
155,Strategic Retail Partners,Project Manager,United States,https://www.linkedin.com/jobs/view/project-manager-at-strategic-retail-partners-3824507864?refId=LDZBCuvwRO0zKDgBbbBVZQ%3D%3D&trackingId=OXNX5z%2BCDltsw%2FrLhW1Dow%3D%3D&position=14&pageNum=6&trk=public_jobs_jserp-result_search-card
156,Keller Executive Search International,Senior Recruiter - Internal Team (Guatemala based),"Guatemala City, Guatemala, Guatemala",https://gt.linkedin.com/jobs/view/senior-recruiter-internal-team-guatemala-based-at-keller-executive-search-international-3824216082?refId=LDZBCuvwRO0zKDgBbbBVZQ%3D%3D&trackingId=b1g3FPeox%2FiISY7r80qkgw%3D%3D&position=15&pageNum=6&trk=public_jobs_jserp-result_search-card
157,TeamUp,Closeout Project Specialist,Philippines,https://ph.linkedin.com/jobs/view/closeout-project-specialist-at-teamup-3824520480?refId=LDZBCuvwRO0zKDgBbbBVZQ%3D%3D&trackingId=jLARwwqNYZTigEuWxvOAxw%3D%3D&position=16&pageNum=6&trk=public_jobs_jserp-result_search-card
158,Experfy,User Researcher,"Washington, DC",https://www.linkedin.com/jobs/view/user-researcher-at-experfy-3824076737?refId=LDZBCuvwRO0zKDgBbbBVZQ%3D%3D&trackingId=rKvqJw3fNLuwGMCDThDwDQ%3D%3D&position=17&pageNum=6&trk=public_jobs_jserp-result_search-card
159,Keller Executive Search International,Senior Recruiter - Internal Team (Panama based),"Panama City, Panamá, Panama",https://pa.linkedin.com/jobs/view/senior-recruiter-internal-team-panama-based-at-keller-executive-search-international-3824087649?refId=LDZBCuvwRO0zKDgBbbBVZQ%3D%3D&trackingId=x7KcaOP60ucjimWNlpqlaw%3D%3D&position=18&pageNum=6&trk=public_jobs_jserp-result_search-card
160,Keller Executive Search International,Senior Recruiter - Internal Team (Bangladesh based),"Dhaka, Dhaka, Bangladesh",https://bd.linkedin.com/jobs/view/senior-recruiter-internal-team-bangladesh-based-at-keller-executive-search-international-3824064804?refId=LDZBCuvwRO0zKDgBbbBVZQ%3D%3D&trackingId=GQOVgrJDAW4V2Ubi1O6uZg%3D%3D&position=19&pageNum=6&trk=public_jobs_jserp-result_search-card
161,ContentNinja,Content Editor,"Gurugram, Haryana, India",https://in.linkedin.com/jobs/view/content-editor-at-contentninja-3824556573?refId=LDZBCuvwRO0zKDgBbbBVZQ%3D%3D&trackingId=cfOz2eKIEquqY4AKBo5GFQ%3D%3D&position=20&pageNum=6&trk=public_jobs_jserp-result_search-card
162,Opinion Focus Panel LLC,Entry Level - Data Entry ( Remote),Canada,https://ca.linkedin.com/jobs/view/entry-level-data-entry-remote-at-opinion-focus-panel-llc-3824231513?refId=LDZBCuvwRO0zKDgBbbBVZQ%3D%3D&trackingId=pzsnwDfFUEfw8fEMFqHL2w%3D%3D&position=21&pageNum=6&trk=public_jobs_jserp-result_search-card
163,Keller Executive Search International,Senior Recruiter - Internal Team (Poland based),"Warsaw, Mazowieckie, Poland",https://pl.linkedin.com/jobs/view/senior-recruiter-internal-team-poland-based-at-keller-executive-search-international-3824088331?refId=LDZBCuvwRO0zKDgBbbBVZQ%3D%3D&trackingId=auXImXA0fGA1mPEz1hufxw%3D%3D&position=22&pageNum=6&trk=public_jobs_jserp-result_search-card
164,SRR Group,Call Center Agent (Ghana),"Kumasi, Ashanti Region, Ghana",https://gh.linkedin.com/jobs/view/call-center-agent-ghana-at-srr-group-3824656850?refId=LDZBCuvwRO0zKDgBbbBVZQ%3D%3D&trackingId=PLJp9PNVhOnJbVyytg0s%2Fw%3D%3D&position=23&pageNum=6&trk=public_jobs_jserp-result_search-card
165,Opinion Focus Panel LLC,Typist / Data Entry- Full Time - Work Online ( Rem,United Kingdom,https://uk.linkedin.com/jobs/view/typist-data-entry-full-time-work-online-rem-at-opinion-focus-panel-llc-3824052323?refId=LDZBCuvwRO0zKDgBbbBVZQ%3D%3D&trackingId=sk3Pdy0W63lLrX1OQe8Oig%3D%3D&position=24&pageNum=6&trk=public_jobs_jserp-result_search-card
166,Keller Executive Search International,Senior Recruiter - Internal Team (Colombia based),"Bogota, D.C., Capital District, Colombia",https://co.linkedin.com/jobs/view/senior-recruiter-internal-team-colombia-based-at-keller-executive-search-international-3824222091?refId=LDZBCuvwRO0zKDgBbbBVZQ%3D%3D&trackingId=xWeq9gueWMaKXiTAwqflTw%3D%3D&position=25&pageNum=6&trk=public_jobs_jserp-result_search-card
